<keymap version="1" name="Default for XWin copy" parent="Default for XWin">
  <action id="CompareTwoFiles" />
  <action id="Diff.ShowDiff" />
  <action id="ECTranslation">
    <keyboard-shortcut first-keystroke="ctrl comma" />
  </action>
  <action id="EditorDeleteLine">
    <keyboard-shortcut first-keystroke="ctrl d" />
  </action>
  <action id="EditorDuplicate" />
  <action id="EditorDuplicateLines">
    <keyboard-shortcut first-keystroke="ctrl alt c" />
  </action>
  <action id="FileChooser.GotoDesktop" />
  <action id="IntroduceConstant" />
  <action id="NewClass">
    <keyboard-shortcut first-keystroke="shift ctrl x" />
  </action>
  <action id="NewDir">
    <keyboard-shortcut first-keystroke="ctrl y" />
  </action>
  <action id="SendEOF" />
  <action id="ShelvedChanges.Diff" />
  <action id="SwitchApply">
    <keyboard-shortcut first-keystroke="shift alt enter" />
  </action>
  <action id="SwitchDown">
    <keyboard-shortcut first-keystroke="shift alt down" />
  </action>
  <action id="SwitchLeft">
    <keyboard-shortcut first-keystroke="shift alt left" />
  </action>
  <action id="SwitchRight">
    <keyboard-shortcut first-keystroke="shift alt right" />
  </action>
  <action id="SwitchUp">
    <keyboard-shortcut first-keystroke="shift alt up" />
  </action>
</keymap>