<keymap version="1" name="Eclipse copy" parent="Eclipse">
  <action id="ActivateAndroidMonitorToolWindow">
    <keyboard-shortcut first-keystroke="alt 2" />
  </action>
  <action id="ActivateFavoritesToolWindow">
    <keyboard-shortcut first-keystroke="alt 6" />
  </action>
  <action id="ActivatePreviewToolWindow">
    <keyboard-shortcut first-keystroke="shift alt semicolon" />
  </action>
  <action id="Android.SyncProject">
    <keyboard-shortcut first-keystroke="ctrl alt x" />
  </action>
  <action id="AutoIndentLines">
    <keyboard-shortcut first-keystroke="ctrl w" />
  </action>
  <action id="Back">
    <mouse-shortcut keystroke="button4" />
    <keyboard-shortcut first-keystroke="shift alt q" />
  </action>
  <action id="ChangesView.Revert" />
  <action id="ChooseRunConfiguration">
    <keyboard-shortcut first-keystroke="shift alt x" />
  </action>
  <action id="CloseContent">
    <keyboard-shortcut first-keystroke="ctrl f4" />
    <keyboard-shortcut first-keystroke="shift alt c" />
  </action>
  <action id="CodeCompletion">
    <keyboard-shortcut first-keystroke="shift space" />
  </action>
  <action id="CollapseAllRegions">
    <keyboard-shortcut first-keystroke="shift alt minus" />
  </action>
  <action id="ECTranslation">
    <keyboard-shortcut first-keystroke="ctrl comma" />
  </action>
  <action id="EditorDuplicateLines">
    <keyboard-shortcut first-keystroke="ctrl alt z" />
  </action>
  <action id="EditorLineEnd">
    <keyboard-shortcut first-keystroke="alt right" />
  </action>
  <action id="EditorLineStart">
    <keyboard-shortcut first-keystroke="home" />
    <keyboard-shortcut first-keystroke="alt left" />
  </action>
  <action id="EditorNextWordWithSelection">
    <keyboard-shortcut first-keystroke="shift ctrl right" />
  </action>
  <action id="EditorPreviousWordWithSelection">
    <keyboard-shortcut first-keystroke="shift ctrl left" />
  </action>
  <action id="ExpandAllRegions">
    <keyboard-shortcut first-keystroke="shift alt equals" />
  </action>
  <action id="FindInPath" />
  <action id="Forward">
    <mouse-shortcut keystroke="button5" />
  </action>
  <action id="GotoCustomRegion" />
  <action id="GotoDeclaration">
    <keyboard-shortcut first-keystroke="f3" />
    <mouse-shortcut keystroke="control button1" />
    <keyboard-shortcut first-keystroke="shift alt 3" />
  </action>
  <action id="HippieCompletion" />
  <action id="IpnbRunAllCellsAction">
    <keyboard-shortcut first-keystroke="shift f10" />
  </action>
  <action id="MoveLineDown">
    <keyboard-shortcut first-keystroke="alt down" />
  </action>
  <action id="MoveLineUp">
    <keyboard-shortcut first-keystroke="alt up" />
  </action>
  <action id="MoveStatementDown" />
  <action id="MoveStatementUp" />
  <action id="NextSplitter">
    <keyboard-shortcut first-keystroke="shift alt 1" />
  </action>
  <action id="NextTab">
    <keyboard-shortcut first-keystroke="shift alt right" />
  </action>
  <action id="OverrideMethods">
    <keyboard-shortcut first-keystroke="alt slash" />
  </action>
  <action id="Plugin_Freeline_Run" />
  <action id="PrevSplitter">
    <keyboard-shortcut first-keystroke="shift alt 2" />
  </action>
  <action id="PreviousTab">
    <keyboard-shortcut first-keystroke="shift alt left" />
  </action>
  <action id="QuickJavaDoc">
    <keyboard-shortcut first-keystroke="f2" />
  </action>
  <action id="ReplaceInPath">
    <keyboard-shortcut first-keystroke="ctrl h" />
  </action>
  <action id="Run">
    <keyboard-shortcut first-keystroke="shift f10" />
  </action>
  <action id="ShowContent">
    <keyboard-shortcut first-keystroke="ctrl alt q" />
  </action>
  <action id="SmartTypeCompletion">
    <keyboard-shortcut first-keystroke="shift ctrl space" />
  </action>
  <action id="SplitVertically">
    <keyboard-shortcut first-keystroke="shift alt period" />
  </action>
  <action id="SwitchApply">
    <keyboard-shortcut first-keystroke="shift alt enter" />
  </action>
  <action id="SwitchDown">
    <keyboard-shortcut first-keystroke="shift alt down" />
  </action>
  <action id="SwitchLeft">
    <keyboard-shortcut first-keystroke="shift alt left" />
  </action>
  <action id="SwitchRight">
    <keyboard-shortcut first-keystroke="shift alt right" />
  </action>
  <action id="SwitchUp">
    <keyboard-shortcut first-keystroke="shift alt up" />
  </action>
  <action id="TabsPlacementRight">
    <keyboard-shortcut first-keystroke="ctrl alt period" />
  </action>
  <action id="TabsPlacementTop">
    <keyboard-shortcut first-keystroke="ctrl alt comma" />
  </action>
  <action id="ToggleContentUiTypeMode">
    <keyboard-shortcut first-keystroke="ctrl alt w" />
  </action>
  <action id="Vcs.RollbackChangedLines" />
</keymap>